image_name,x1,y1,x2,y2,x3,y3,x4,y4,bpd,ofd,hc
000_HC.png,45,238,105,240,43,51,233,178,228.54,60.03,453.2846960232033
001_HC.png,127,23,49,169,93,107,181,114,88.28,165.53,398.6838157038127
002_HC.png,53,205,70,218,39,65,143,90,106.96,21.4,201.6274165073929
003_HC.png,140,229,131,216,53,173,175,169,122.07,15.81,216.58139753848033
004_HC.png,202,162,127,247,53,125,158,151,108.17,113.36,347.97851027487343
005_HC.png,145,219,97,143,205,61,215,83,24.17,89.89,179.1650290342259
006_HC.png,191,197,133,171,91,95,99,125,31.05,63.56,148.61304047806516
007_HC.png,141,210,133,131,112,191,114,191,2.0,79.4,127.86282100110459
008_HC.png,51,4,101,18,53,155,61,158,8.54,51.92,94.97034591801945
009_HC.png,145,68,109,214,29,198,146,65,177.14,150.37,514.4515049885965
010_2HC.png,134,177,111,183,63,70,71,98,29.12,23.77,83.07941772418208
010_HC.png,105,136,102,180,193,76,163,76,30.0,44.1,116.39600781550183
011_HC.png,141,39,125,215,73,146,99,110,44.41,176.73,347.3658997074234
012_HC.png,172,224,208,251,65,98,169,110,104.69,45.0,235.13250215792806
013_HC.png,145,180,137,206,85,103,85,102,1.0,27.2,44.296456415616085
014_2HC.png,141,69,133,247,95,114,182,125,87.69,178.18,417.62761940495915
014_3HC.png,50,172,145,224,101,135,250,151,149.86,108.3,405.51677972537055
014_HC.png,139,55,109,244,95,119,104,143,25.63,191.37,340.86280291449253
015_HC.png,149,234,151,241,215,33,22,23,193.26,7.28,315.00749537544857
016_HC.png,131,113,127,202,43,155,159,76,140.35,89.09,360.40350921982105
017_2HC.png,109,158,131,167,85,121,91,125,7.21,23.77,48.6632702041059
017_HC.png,1,28,129,174,89,110,182,123,93.9,194.16,452.4835898965379
018_HC.png,123,49,149,207,59,147,186,105,133.76,160.12,461.6256245184842
019_2HC.png,129,64,117,184,21,38,33,62,26.83,120.6,231.5825024593716
019_HC.png,178,198,93,243,116,138,207,127,91.66,96.18,295.0583820251534
020_HC.png,130,68,149,74,54,148,239,91,193.58,19.92,335.36501577071044
021_HC.png,138,42,121,193,69,103,242,168,184.81,151.95,528.9813710114494
022_2HC.png,42,32,123,229,108,192,214,22,200.34,213.0,649.2729537174026
022_HC.png,86,94,127,83,94,94,87,94,7.0,42.45,77.67587836000764
023_2HC.png,50,231,129,196,127,161,183,145,58.24,86.41,227.2156886708818
023_HC.png,202,188,85,251,223,131,215,139,11.31,132.88,226.49312236055613
024_HC.png,155,150,110,222,103,135,161,123,59.23,84.91,226.41458254421636
025_HC.png,90,153,90,153,123,132,214,142,91.55,0.0,143.80640371807277
026_2HC.png,58,113,88,254,59,111,66,102,11.4,144.16,244.35307659621412
026_HC.png,109,207,101,159,65,117,75,138,23.26,48.66,112.97167182308897
027_HC.png,131,2,129,138,87,171,166,175,79.1,136.01,337.89399785685015
028_HC.png,22,159,151,225,133,155,203,140,71.59,144.9,340.06169678782715
029_HC.png,46,147,93,225,49,144,151,167,104.56,91.07,307.2948854108856
030_HC.png,127,101,105,189,51,139,219,23,204.16,90.71,463.18071288201116
031_HC.png,185,20,123,215,85,189,178,155,99.02,204.62,476.95659666800236
032_2HC.png,1,24,41,70,101,157,151,166,50.8,60.96,175.55219748259762
032_HC.png,1,24,53,64,91,146,163,161,73.55,65.6,218.57630887350982
033_2HC.png,128,174,129,175,99,113,190,144,96.14,1.41,153.23118167884215
033_HC.png,150,101,109,62,72,92,152,103,80.75,56.59,215.7331675220111
034_HC.png,138,121,121,198,139,119,149,122,10.44,78.85,140.2564040195163
035_HC.png,119,223,191,195,121,114,69,71,67.48,77.25,227.3413523770254
036_HC.png,90,185,49,190,55,135,227,134,172.0,41.3,335.0508565053515
037_HC.png,139,222,81,195,71,121,154,111,83.6,63.98,231.81812190839082
038_HC.png,106,26,77,227,57,111,194,241,188.86,203.08,615.6579123239918
039_HC.png,161,188,129,187,87,123,205,122,118.0,32.02,235.6508649457704
040_HC.png,65,214,119,165,79,95,19,174,99.2,72.92,270.3654637679376
041_HC.png,60,212,59,210,45,125,175,86,135.72,2.24,216.70706124462393
042_HC.png,133,34,135,203,63,143,193,194,139.65,169.01,484.8419942285127
043_HC.png,118,70,121,230,65,150,233,115,171.61,160.03,520.9388938182594
044_HC.png,146,161,129,28,37,90,189,51,156.92,134.08,457.1017310973149
045_HC.png,50,145,99,169,51,143,58,164,22.14,54.56,120.48007826516857
046_HC.png,81,185,79,194,75,102,171,126,98.95,9.22,169.91303866940396
047_HC.png,84,173,181,21,87,169,173,154,87.3,180.31,420.3608050135823
048_HC.png,111,54,116,182,193,114,206,87,29.97,128.1,248.2957753764693
049_HC.png,135,61,53,205,109,80,173,79,64.01,165.71,360.84333219132367
050_2HC.png,52,101,113,199,53,97,169,127,119.82,115.43,369.5298358784994
050_HC.png,78,147,119,195,55,107,170,112,115.11,63.13,279.9787372879224
051_HC.png,180,151,123,195,77,106,183,144,112.61,72.01,290.0004178528738
052_HC.png,102,124,111,126,177,163,146,173,32.57,9.22,65.64357849675872
053_HC.png,131,236,191,251,103,141,195,65,119.33,61.85,284.59687848869936
054_HC.png,151,43,154,213,75,122,222,172,155.27,170.03,510.98004510637986
055_HC.png,165,48,104,251,194,126,229,74,62.68,211.97,431.4192111542183
056_HC.png,133,82,119,218,73,181,169,179,96.02,136.72,365.5871370982442
057_HC.png,110,9,145,215,87,177,223,142,140.43,208.95,548.8048206556009
058_HC.png,66,125,61,155,69,122,151,98,85.44,30.41,181.97675445918875
059_HC.png,122,52,139,176,97,78,179,119,91.68,125.16,340.6114755022054
060_HC.png,170,202,71,227,68,143,147,175,85.23,102.11,294.2729838617559
061_2HC.png,126,56,145,62,115,173,192,115,96.4,19.92,182.71502873278237
061_HC.png,193,150,117,139,77,105,167,82,92.89,76.79,266.5327207305581
062_HC.png,60,131,105,226,63,131,81,102,34.13,105.12,218.73338850618936
063_2HC.png,109,98,89,99,69,131,112,93,57.38,20.02,121.579635693925
063_3HC.png,166,224,102,177,219,43,221,55,12.17,79.4,143.8378196446087
063_HC.png,190,97,131,194,141,142,203,95,77.8,113.53,300.54046120566755
064_2HC.png,93,22,53,251,87,23,191,207,211.36,232.47,697.166533721379
064_HC.png,115,18,125,74,53,166,53,165,1.0,56.89,90.93339935815656
065_HC.png,94,69,37,218,119,112,127,114,8.25,159.53,263.5482077096477
066_2HC.png,116,205,117,203,65,171,85,45,127.58,2.24,203.92077914451346
066_HC.png,117,201,105,206,55,122,171,108,116.84,13.0,203.95219507104937
067_HC.png,150,180,71,22,117,155,250,83,151.24,176.65,515.0484075927786
068_2HC.png,118,30,140,99,35,128,42,140,13.89,72.42,135.57543096566752
068_HC.png,154,18,123,221,79,122,60,173,54.42,205.35,408.04576181151026
069_HC.png,42,137,53,203,43,135,103,85,78.1,66.91,227.78117534852794
070_HC.png,161,133,126,192,129,155,198,167,70.04,68.6,217.77520274684443
071_HC.png,1,28,135,18,115,218,182,164,86.05,134.37,346.23492635213114
072_HC.png,52,134,77,207,51,135,101,94,64.66,77.16,222.7703350660522
073_HC.png,121,54,111,213,179,150,193,125,28.65,159.31,295.24687758436875
074_HC.png,129,23,134,194,81,86,194,115,116.66,171.07,451.9652271086956
075_HC.png,126,70,117,194,79,127,86,147,21.19,124.33,228.58228147519335
076_HC.png,130,123,123,47,87,82,178,80,91.02,76.32,262.85705732585797
077_HC.png,169,214,153,219,115,175,193,168,78.31,16.76,149.33560678839083
078_HC.png,159,101,173,234,87,141,111,162,31.89,133.73,260.15528764377075
079_HC.png,133,53,133,161,91,133,182,107,94.64,108.0,318.30616766171784
080_HC.png,153,14,117,195,63,81,80,158,78.85,184.55,413.7477524777757
081_HC.png,1,28,129,205,117,123,203,131,86.37,218.43,478.7787204070845
082_2HC.png,199,16,109,224,86,199,21,183,66.94,226.64,461.1543856204457
082_HC.png,187,13,109,210,81,178,231,8,226.72,211.88,688.9512689322416
083_2HC.png,86,18,115,234,23,127,185,179,170.14,217.94,609.5946385025634
083_HC.png,1,28,123,207,190,147,202,151,12.65,216.62,360.13647384426594
084_HC.png,141,29,151,177,190,117,199,115,9.22,148.34,247.4946692498039
085_HC.png,82,174,122,208,141,95,214,100,73.17,52.5,197.40197438831464
086_HC.png,101,114,49,205,48,161,128,165,80.1,104.81,290.45594878764433
087_HC.png,115,29,118,189,65,151,185,102,129.62,160.03,454.98115605614174
088_2HC.png,173,37,91,18,77,143,149,159,73.76,84.17,248.075863890718
088_HC.png,127,35,135,175,81,109,188,222,155.62,140.23,464.72009328227017
089_HC.png,122,106,105,229,69,150,170,151,101.0,124.17,353.6962089044069
090_HC.png,108,11,163,251,65,70,174,109,115.77,246.22,568.6125623364846
091_HC.png,139,34,163,214,181,191,224,145,62.97,181.59,384.1539496809599
092_HC.png,153,47,109,169,83,87,181,111,100.9,129.69,362.2099249956352
093_2HC.png,159,13,117,203,59,125,63,94,31.26,194.59,354.7643504066274
093_HC.png,135,35,113,220,79,106,186,141,112.58,186.3,469.4796061524587
094_HC.png,145,199,106,32,31,127,143,198,132.61,171.49,477.67916297832807
095_HC.png,102,18,106,187,157,146,167,90,56.89,169.05,354.9057220760389
096_HC.png,133,87,99,190,101,134,46,76,79.93,108.47,295.9380279681585
097_HC.png,72,113,157,214,73,111,183,147,115.74,132.01,389.1647899634356
098_HC.png,125,48,130,183,81,123,183,118,102.12,135.09,372.6085966790174
099_HC.png,186,242,113,237,41,112,193,243,200.66,73.17,430.1311581662465
100_2HC.png,133,194,114,56,101,158,171,127,76.56,139.3,339.0720951019464
100_HC.png,47,13,111,193,45,110,153,128,109.49,191.04,472.07142009167023
101_HC.png,129,65,118,230,81,181,157,142,85.42,165.37,393.9400107968921
102_2HC.png,138,20,95,169,49,87,57,102,17.0,155.08,270.3026319148658
102_HC.png,157,196,143,201,76,159,237,102,170.79,14.87,291.6340460327405
103_HC.png,142,71,81,199,193,123,202,119,9.85,141.79,238.1955549951781
104_HC.png,161,137,131,204,83,128,227,135,144.17,73.41,341.77386478403355
105_HC.png,141,215,128,220,121,77,197,101,79.7,13.93,147.07366007780615
106_HC.png,58,137,105,223,59,135,155,173,103.25,98.01,316.13846873074084
107_2HC.png,109,48,110,191,49,123,197,121,148.01,143.0,457.11743906058285
107_HC.png,94,59,116,200,43,113,163,110,120.04,142.71,412.72673486535905
108_2HC.png,157,40,81,21,75,194,194,91,157.38,78.34,370.268110152093
108_3HC.png,138,101,131,157,73,77,184,104,114.24,56.44,268.103517057353
108_HC.png,134,72,115,176,159,128,170,124,11.7,105.72,184.44290469225675
109_HC.png,150,30,155,210,153,211,233,42,186.98,180.07,576.5607917500668
110_HC.png,115,49,81,34,127,175,181,170,54.23,37.16,143.55507630578558
111_HC.png,90,6,130,212,152,64,195,222,163.75,209.85,586.8495076905734
112_HC.png,134,114,151,126,215,179,221,189,11.66,20.81,51.003756731030286
113_HC.png,135,224,193,250,103,169,185,154,83.36,63.56,230.78139633270624
114_HC.png,97,234,85,235,113,146,117,158,12.65,12.04,38.782961308565994
115_HC.png,26,226,55,237,117,91,249,102,132.46,31.02,256.7937835044297
116_HC.png,149,80,153,190,117,122,199,146,85.44,110.07,307.1063898516702
117_HC.png,35,195,159,225,185,189,194,174,17.49,127.58,227.87542312813562
118_HC.png,135,16,117,223,93,141,170,149,77.41,207.78,447.97540443863653
119_HC.png,101,141,106,228,67,181,145,190,78.52,87.14,260.2181194968426
120_HC.png,142,43,134,195,65,108,232,23,187.39,152.21,533.4424325795469
121_2HC.png,119,17,123,22,43,119,51,143,25.3,6.4,49.794243559398225
121_HC.png,103,170,71,162,185,209,207,74,136.78,32.98,266.6583844367016
122_HC.png,134,102,125,209,93,159,57,151,36.88,107.38,226.60307810343176
123_HC.png,111,91,113,219,111,219,152,237,44.78,128.02,271.4336052701581
124_2HC.png,139,47,133,228,57,143,206,116,151.43,181.1,522.3369025491069
124_HC.png,125,18,158,220,73,135,215,134,142.0,204.68,544.5636705732547
125_2HC.png,146,45,147,214,100,177,213,166,113.53,169.0,443.7970862093621
125_3HC.png,141,49,157,53,61,139,207,138,146.0,16.49,255.23869514090276
125_HC.png,135,50,143,57,96,171,160,175,64.12,10.63,117.41702542791852
126_2HC.png,137,20,115,202,56,127,225,70,178.35,183.32,568.1099075119101
126_3HC.png,150,13,121,207,57,162,142,57,135.09,196.16,520.3262832508095
126_HC.png,130,26,103,196,74,164,146,128,80.5,172.13,396.8302760381947
127_HC.png,105,10,93,14,111,201,181,193,70.46,12.65,130.54888271992385
128_HC.png,151,83,138,204,138,204,234,86,152.12,121.7,430.1154502029786
129_HC.png,159,222,139,177,91,107,165,122,75.5,49.24,195.9411338043954
130_HC.png,110,55,117,173,83,150,152,150,69.0,118.21,294.06878033927256
131_HC.png,64,94,109,205,65,93,175,120,113.27,119.77,366.0583759962827
132_HC.png,158,102,157,184,124,131,162,15,122.07,82.01,320.5681143723025
133_2HC.png,134,52,125,186,77,138,75,136,2.83,134.3,215.4033002933842
133_3HC.png,86,40,126,190,93,137,92,145,8.06,155.24,256.51104016560663
133_4HC.png,130,56,109,195,201,137,237,183,58.41,140.58,312.57276106891646
133_HC.png,115,33,91,162,45,79,232,144,197.97,131.21,517.0747348543441
134_HC.png,66,141,127,203,69,142,161,141,92.01,86.98,281.1568345330185
135_HC.png,114,71,54,222,155,163,165,158,11.18,162.48,272.7844901112017
136_2HC.png,93,24,103,38,160,122,159,122,1.0,17.2,28.588493147667116
136_HC.png,102,33,121,37,47,131,251,115,204.63,19.42,351.93691701839657
137_HC.png,130,54,147,166,144,165,130,56,109.9,113.28,350.570324214085
138_2HC.png,145,52,113,225,183,115,191,139,25.3,175.93,316.09134484093704
138_HC.png,145,26,89,185,116,187,229,95,145.72,168.57,493.685577548368
139_HC.png,125,32,138,209,189,143,198,138,10.3,177.48,294.96413424554567
140_HC.png,58,83,77,206,113,187,194,35,172.24,124.46,466.0552701600458
141_2HC.png,143,42,145,197,84,107,211,106,127.0,155.01,442.9802721194288
141_HC.png,151,17,135,177,209,103,216,121,19.31,160.8,282.91612641902884
142_HC.png,123,46,113,174,134,51,125,48,9.49,128.39,216.58139753848033
143_2HC.png,179,69,161,194,119,150,166,41,118.7,126.29,384.82939210148174
143_HC.png,161,49,155,166,159,169,198,129,55.87,117.15,271.77918046205303
144_2HC.png,148,58,147,61,219,161,208,137,26.4,3.16,46.43273942005714
144_HC.png,120,33,123,235,67,111,177,80,114.28,202.02,496.8428781652258
145_HC.png,147,74,155,183,109,109,247,143,142.13,109.29,394.92961248277294
146_2HC.png,110,58,110,220,49,127,185,146,137.32,162.0,470.1707565362484
146_HC.png,112,50,85,185,37,115,145,82,112.93,137.67,393.6415594948011
147_HC.png,129,52,111,210,103,181,59,157,50.12,159.02,328.5163437858847
148_HC.png,105,46,103,189,49,110,172,111,123.0,143.01,417.8475308907104
149_HC.png,117,15,106,180,45,99,235,74,191.64,165.37,560.789996629046
150_HC.png,117,48,109,14,85,90,158,95,73.17,34.93,169.8030829265283
151_HC.png,121,65,121,18,75,119,85,158,40.26,47.0,137.06768747612267
152_HC.png,52,214,73,223,85,106,219,28,155.05,22.85,279.4446665368121
153_HC.png,157,39,145,194,131,162,223,111,105.19,155.46,409.4280625790897
154_HC.png,114,43,114,210,175,172,183,162,12.81,167.0,282.44488752099033
155_HC.png,141,44,134,213,59,130,206,123,147.17,169.14,496.85858612849364
156_2HC.png,112,177,119,175,49,123,227,94,180.35,7.28,294.72851479652644
156_HC.png,139,41,162,201,205,134,207,138,4.47,161.64,260.92497784390025
157_HC.png,134,230,127,165,160,126,168,121,9.43,65.38,117.51127320752622
158_HC.png,166,46,175,50,178,50,3,9,179.74,9.85,297.80727559704445
159_HC.png,150,10,103,172,197,108,4,21,211.7,168.68,597.4995067862427
160_HC.png,115,75,123,43,65,172,153,146,91.76,32.98,195.9411338043954
161_HC.png,96,39,87,43,183,203,194,239,37.64,9.85,74.59711755948965
162_HC.png,155,28,132,186,81,115,210,147,132.91,159.67,459.5835892936508
163_HC.png,138,114,125,209,91,157,95,162,6.4,95.89,160.67675626784998
164_2HC.png,118,38,104,194,21,172,185,118,172.66,156.63,517.2475224502914
164_HC.png,135,36,118,193,51,123,61,126,10.44,157.92,264.45926957918874
165_HC.png,122,16,118,216,85,117,215,11,167.74,200.04,577.707473068627
166_HC.png,139,109,115,77,97,153,165,145,68.47,40.0,170.38427756744244
167_HC.png,146,57,137,217,81,139,215,134,134.09,160.25,462.3481908288099
168_HC.png,139,34,133,189,83,99,218,125,137.48,155.12,459.6150052201868
169_HC.png,125,36,105,207,106,209,180,127,110.45,172.17,443.93845787877365
170_HC.png,122,50,106,187,55,116,174,120,119.07,137.93,403.6946559862884
171_HC.png,146,58,139,217,71,139,213,70,157.88,159.15,497.989559483786
172_HC.png,99,45,93,186,45,122,152,144,109.24,141.13,393.28027633963825
173_HC.png,94,88,117,23,57,143,116,153,59.84,68.95,202.30285892791477
174_HC.png,125,29,121,187,73,97,180,121,109.66,158.05,420.5178846462618
175_HC.png,128,39,119,229,49,143,208,119,160.8,190.21,551.3652186682766
176_HC.png,127,39,111,215,187,193,53,128,148.93,176.73,511.54553178402597
177_HC.png,118,28,115,175,63,123,187,98,126.5,147.03,429.659919268208
178_2HC.png,142,36,119,206,53,107,51,124,17.12,171.55,296.36214297639316
178_HC.png,115,53,111,175,117,178,223,79,145.04,122.07,419.57540685018483
179_HC.png,130,28,104,225,193,121,205,123,12.17,198.71,331.24952939450776
180_HC.png,117,15,114,167,49,88,42,55,33.73,152.03,291.79112566542
181_HC.png,143,49,137,189,79,114,194,119,115.11,140.13,400.9300544511294
182_HC.png,129,75,122,164,169,199,165,142,57.14,89.27,229.9802902060408
183_HC.png,150,59,119,227,63,139,198,134,135.09,170.84,480.55372025636274
184_HC.png,113,108,105,54,65,162,194,23,189.64,54.59,383.6355868931176
185_HC.png,116,49,101,49,19,113,187,140,170.16,15.0,290.84864786934304
186_HC.png,126,26,97,251,48,119,204,138,157.15,226.86,603.2014974525082
187_HC.png,131,109,129,193,67,123,167,158,105.95,84.02,298.4041782012265
188_HC.png,134,86,117,192,75,155,169,130,97.27,107.35,321.41634438877173
189_HC.png,123,37,103,168,171,116,179,107,12.04,132.52,227.07431700147026
190_HC.png,125,21,112,225,25,123,205,131,180.18,204.41,604.1125593220493
191_HC.png,127,28,109,33,31,133,211,143,180.28,18.68,312.5256371791126
192_2HC.png,123,51,137,201,85,95,92,131,36.67,150.65,294.24156793522
192_HC.png,110,67,113,219,67,126,163,144,97.67,152.03,392.22784280068566
193_2HC.png,134,66,142,164,91,142,177,113,90.76,98.33,297.021877433647
193_HC.png,137,85,114,199,71,147,185,140,114.21,116.3,362.08426128949156
194_HC.png,102,24,107,193,189,111,199,100,14.87,169.07,288.9322763506533
195_2HC.png,131,21,134,219,47,100,214,129,169.5,198.02,577.2990660236603
195_HC.png,131,32,124,225,41,117,209,144,170.16,193.13,570.6545975613179
196_HC.png,147,75,139,185,93,127,97,124,5.0,110.29,181.09710851618362
197_HC.png,135,27,136,217,43,91,219,129,180.06,190.0,581.2888886937194
198_2HC.png,123,36,130,215,43,109,203,129,161.25,179.14,534.6833616777149
198_HC.png,123,36,130,215,43,109,203,129,161.25,179.14,534.6833616777149
199_HC.png,119,26,118,215,31,122,193,111,162.37,189.0,551.9307053459228
200_HC.png,134,60,128,213,59,130,178,173,126.53,153.12,439.2731927881928
201_HC.png,122,24,127,227,227,129,235,122,10.63,203.06,335.66346707280144
202_HC.png,131,12,117,180,45,75,195,103,152.59,168.58,504.49265627671696
203_2HC.png,145,84,150,219,79,157,205,139,127.28,135.09,412.129832261177
203_3HC.png,135,38,125,198,59,111,194,127,135.94,160.31,465.3484118129881
203_4HC.png,159,55,147,214,81,156,85,79,77.1,159.45,371.57187110333274
203_HC.png,149,106,131,221,87,167,95,181,16.12,116.4,208.1619292268597
204_HC.png,125,45,124,225,37,153,169,179,134.54,180.0,494.0782766300667
205_HC.png,119,36,141,41,51,91,215,114,165.6,22.56,295.5610368497277
206_HC.png,125,32,107,209,191,106,204,109,13.34,177.91,300.41479749952396
207_HC.png,147,30,136,213,65,115,169,110,104.12,183.33,451.5254041371931
208_HC.png,151,42,142,193,77,111,82,123,13.0,151.27,258.03471260259766
209_HC.png,113,53,116,179,179,144,175,122,22.36,126.04,233.10617489636266
210_2HC.png,137,40,101,216,45,127,198,127,153.0,179.64,522.5096901450544
210_HC.png,121,36,119,229,41,138,217,139,176.0,193.01,579.6395525505848
211_HC.png,113,18,88,213,19,129,206,139,187.27,196.6,602.9815859667569
212_HC.png,115,20,110,215,3,123,250,88,249.47,195.06,698.2660911501354
213_2HC.png,138,50,118,231,47,131,190,161,146.11,182.1,515.551062417353
213_HC.png,119,24,129,210,45,113,205,111,160.01,186.27,543.9353520425367
214_HC.png,134,33,124,231,43,144,224,142,181.01,198.25,595.7402149002324
215_HC.png,119,49,122,189,67,114,193,123,126.32,140.03,418.38160164182074
216_HC.png,125,108,132,213,79,157,179,167,100.5,105.23,323.1599283115141
217_HC.png,126,22,121,195,39,115,202,112,163.03,173.07,527.9446454357648
218_HC.png,139,34,144,195,63,118,69,142,24.74,161.08,291.8853734450277
219_HC.png,110,48,115,203,53,129,218,125,165.05,155.08,502.85902809685024
220_2HC.png,131,34,122,209,47,124,207,115,160.25,175.23,526.9707517131519
220_HC.png,131,34,122,209,47,124,207,115,160.25,175.23,526.9707517131519
221_HC.png,125,17,121,203,46,110,243,115,197.06,186.04,601.7720727951249
222_HC.png,127,9,131,216,35,110,241,134,207.39,207.04,650.9851217136089
223_2HC.png,117,72,123,222,171,153,178,172,20.25,150.12,267.61657019604655
223_HC.png,126,30,124,216,49,111,194,161,153.38,186.01,533.1125653509199
224_HC.png,121,46,116,217,39,131,199,146,160.7,171.07,521.1430973407428
225_2HC.png,126,46,130,229,39,129,215,147,176.92,183.04,565.4238457930909
225_HC.png,106,43,140,225,41,143,216,109,178.27,185.15,570.8588010838014
226_HC.png,150,51,129,224,59,147,54,149,5.39,174.27,282.2092680719711
227_2HC.png,135,26,131,211,201,151,215,115,38.63,185.04,351.34001441421447
227_HC.png,105,35,109,221,120,131,194,116,75.5,186.04,410.82607130993716
228_HC.png,139,41,137,206,23,113,203,127,180.54,165.01,542.7886707239765
229_2HC.png,139,41,130,213,65,166,250,116,191.64,172.24,571.5813673941269
229_HC.png,122,70,121,196,65,129,58,138,11.4,126.0,215.8274153016188
230_2HC.png,138,22,130,229,23,132,225,114,202.8,207.15,643.9479541695679
230_HC.png,143,26,138,229,27,115,227,150,203.04,203.06,637.9003883114075
231_HC.png,143,22,140,232,45,123,230,135,185.39,210.02,621.10857557797
232_HC.png,125,30,125,214,39,107,217,114,178.14,184.0,568.8481817855038
233_HC.png,133,68,133,189,85,130,187,127,102.04,121.0,350.35041272833377
234_HC.png,147,106,145,198,97,163,189,151,92.78,92.02,290.2831611916969
235_2HC.png,131,50,125,211,189,133,200,131,11.18,161.11,270.63249914349274
235_HC.png,135,50,137,213,63,128,208,140,145.5,163.01,484.60637477949354
236_HC.png,125,40,118,194,53,131,195,122,142.28,154.16,465.64686311507916
237_2HC.png,123,45,120,225,49,127,218,126,169.0,180.02,548.2393339779547
237_3HC.png,134,30,134,207,53,130,204,123,151.16,177.0,515.4725226010132
237_HC.png,114,40,126,229,43,130,217,78,181.6,189.38,582.7340213143708
238_HC.png,127,27,127,165,73,95,180,99,107.07,138.0,384.9550558076253
239_HC.png,127,24,128,225,43,127,225,121,182.1,201.0,601.7720727951249
240_HC.png,151,48,147,215,73,111,220,140,149.83,167.05,497.7539400347668
241_HC.png,131,62,132,211,55,137,200,146,145.28,149.0,462.2539430492021
242_HC.png,93,38,91,188,21,105,148,124,128.41,150.01,437.34111330623506
243_2HC.png,131,41,93,223,37,147,45,162,17.0,185.92,318.7459906332204
243_3HC.png,113,80,105,220,59,159,157,137,100.44,140.23,378.04355196972773
243_HC.png,113,80,105,220,59,159,157,137,100.44,140.23,378.04355196972773
244_HC.png,117,22,113,184,179,109,187,82,28.16,162.05,298.7811693196573
245_2HC.png,127,12,137,198,39,93,225,103,186.27,186.27,585.1844635841708
245_3HC.png,127,12,139,226,45,123,218,191,185.88,214.34,628.6641059098536
245_HC.png,126,30,121,216,37,151,4,21,134.12,186.07,502.95327587645795
246_HC.png,123,40,118,173,171,105,179,109,8.94,133.09,223.10020229467915
247_HC.png,113,20,120,213,35,107,207,119,172.42,193.13,574.2045972598744
248_HC.png,130,29,120,231,49,145,226,123,178.36,202.25,597.8607899414056
249_HC.png,121,24,110,233,33,131,215,124,182.13,209.29,614.8410982340583
250_HC.png,146,50,130,192,65,143,62,141,3.61,142.9,230.13736983872033
251_HC.png,143,28,136,205,49,117,213,103,164.6,177.14,536.8039367188879
252_HC.png,141,52,123,232,69,157,219,128,152.78,180.9,524.1433183249211
253_HC.png,125,48,135,225,47,135,211,140,164.08,177.28,536.207034114706
254_HC.png,128,33,118,209,43,123,197,123,154.0,176.28,518.8026108138184
255_HC.png,134,41,124,219,32,95,211,135,183.41,178.28,568.1413234384461
256_HC.png,137,36,144,221,57,121,218,128,161.15,185.13,543.9353520425367
257_HC.png,123,73,114,217,23,95,182,156,170.3,144.28,494.1411084831386
258_HC.png,117,7,124,161,69,63,198,95,132.91,154.16,450.92850153301094
259_HC.png,129,37,116,221,35,119,211,129,176.28,184.46,566.649066927991
260_2HC.png,145,41,142,209,53,125,219,127,166.01,168.03,524.7088050025671
260_HC.png,123,61,112,237,27,151,194,164,167.51,176.34,540.1183169684252
261_HC.png,126,50,124,231,43,133,201,138,158.08,181.01,532.6413264528816
262_HC.png,129,12,128,221,31,129,224,115,193.51,209.0,632.2612294982138
263_HC.png,115,36,116,233,41,130,67,118,28.64,197.0,354.43448317800045
264_HC.png,110,30,128,229,35,126,212,126,177.0,199.81,591.8917638995849
265_HC.png,143,20,142,227,207,123,210,112,11.4,207.0,343.0619177720054
266_HC.png,122,61,127,238,51,149,207,147,156.01,177.07,523.2008405288441
267_HC.png,129,14,136,168,67,91,107,82,41.0,154.16,306.556611137292
268_HC.png,138,10,140,217,39,119,207,106,168.5,207.01,589.8497286747516
269_HC.png,119,40,114,215,47,109,195,146,152.55,175.07,514.624292584544
270_HC.png,151,68,127,210,79,155,207,150,128.1,144.01,427.42938848415935
271_2HC.png,123,32,121,191,51,95,191,115,141.42,159.01,471.9143404589907
271_HC.png,130,43,124,202,55,124,196,125,141.0,159.11,471.4116856344164
272_HC.png,127,64,117,215,61,129,187,134,126.1,151.33,435.78602494270814
273_HC.png,118,30,109,177,55,105,182,107,127.02,147.28,430.8694324398401
274_HC.png,115,58,120,229,43,146,189,139,146.17,171.07,498.319426712413
275_HC.png,130,42,150,215,51,131,218,131,167.0,174.15,535.877166886079
276_2HC.png,143,41,135,217,61,133,230,115,169.96,176.18,543.7154405567854
276_HC.png,110,22,110,193,31,99,30,105,6.08,171.0,278.1566135488403
277_HC.png,114,30,105,196,167,133,175,136,8.54,166.24,274.543781997212
278_2HC.png,123,32,122,201,37,117,194,124,157.16,169.0,512.3309299474234
278_HC.png,123,23,128,213,159,99,218,34,87.78,190.07,436.44575939996207
279_HC.png,138,32,136,233,102,221,138,32,192.4,201.01,617.9669829243802
280_HC.png,131,9,103,213,37,115,213,115,176.0,205.91,599.9028251662389
281_HC.png,142,74,115,229,97,141,198,132,101.4,157.33,406.4121336316436
282_HC.png,106,117,105,223,73,187,150,185,77.03,106.0,287.5028516932699
283_HC.png,134,34,134,244,31,139,203,138,172.0,210.0,600.0441968356505
284_HC.png,154,32,122,199,75,122,204,83,134.77,170.04,478.7944283703524
285_HC.png,141,14,124,227,43,135,230,115,188.07,213.68,631.0674242898497
286_HC.png,149,40,132,191,77,111,198,23,149.62,151.95,473.70504827153695
287_HC.png,158,138,141,208,49,111,199,144,153.59,72.03,354.40306725146456
288_HC.png,134,54,136,211,67,151,200,127,135.15,157.01,458.9238548363969
289_HC.png,151,46,150,193,87,111,217,119,130.25,147.0,435.50328160388506
290_HC.png,122,36,114,219,29,115,37,121,10.0,183.17,303.43072644697014
291_2HC.png,118,26,101,199,29,114,210,122,181.18,173.83,557.6484039754562
291_HC.png,131,21,142,233,41,119,237,141,197.23,212.29,643.272511749046
292_HC.png,139,10,142,215,45,113,43,114,2.24,205.02,325.5632466915103
293_HC.png,154,38,134,207,205,127,211,114,14.32,170.18,289.8119222936584
294_2HC.png,127,44,119,199,61,127,201,123,140.06,155.21,463.8090314127291
294_HC.png,127,28,121,170,59,87,130,28,92.31,142.13,368.25749085379556
295_HC.png,135,16,93,225,23,123,203,115,180.18,213.18,617.8884431080405
296_HC.png,133,19,144,236,41,127,219,115,178.4,217.28,621.5326905862047
297_HC.png,154,66,136,217,59,135,207,139,148.05,152.07,471.4273935976844
298_HC.png,147,46,123,197,65,151,194,106,136.62,152.9,454.7769525336584
299_2HC.png,145,59,141,208,87,115,211,134,125.45,149.05,431.1835917051991
299_HC.png,129,54,144,201,69,123,204,166,141.68,147.76,454.65128882751486
300_2HC.png,130,66,125,225,63,134,205,151,143.01,159.08,474.52186236147037
300_HC.png,123,29,116,217,33,111,209,143,178.89,188.13,576.5136678602629
301_HC.png,135,66,126,217,67,174,188,135,127.13,151.27,437.3096973796992
302_HC.png,143,48,132,193,59,121,198,126,139.09,145.42,446.90726293641603
303_HC.png,137,28,120,215,51,111,217,127,166.77,187.77,556.9101297018626
304_HC.png,155,36,150,217,69,139,226,122,157.92,181.07,532.484246820202
305_HC.png,137,56,128,219,59,119,143,57,104.4,163.25,420.423636866654
306_HC.png,153,78,133,234,75,165,212,171,137.13,157.28,462.45814657168546
307_HC.png,107,16,118,201,29,114,193,117,164.03,185.33,548.7734047290651
308_HC.png,133,22,137,216,57,111,226,124,169.5,194.04,571.0472966430167
309_HC.png,135,22,136,213,35,114,215,129,180.62,191.0,583.7393309635195
310_HC.png,137,30,140,213,55,118,206,160,156.73,183.02,533.6780520285661
311_HC.png,133,60,138,209,67,143,201,122,135.64,149.08,447.23713016504297
312_2HC.png,93,41,104,199,19,127,18,157,30.02,158.38,295.9380279681585
312_HC.png,115,30,122,189,39,105,195,113,156.2,159.15,495.3506216547707
313_HC.png,133,142,105,233,45,165,202,155,157.32,95.21,396.67319640551517
314_HC.png,105,36,104,209,19,113,173,141,156.52,173.0,517.6088056054543
315_2HC.png,141,68,144,185,91,123,201,133,110.45,117.04,357.340456382571
315_HC.png,145,68,144,179,99,119,197,127,98.33,111.0,328.81479508797565
316_HC.png,89,41,99,45,13,127,155,106,143.54,10.77,242.3895811877205
317_HC.png,130,36,113,225,39,133,224,135,185.01,189.76,588.6873393929234
318_HC.png,134,126,118,225,81,66,210,133,145.36,100.28,385.8504097138984
319_HC.png,139,49,118,209,59,127,139,49,111.73,161.37,428.98447684768627
320_HC.png,102,20,95,223,29,91,194,112,166.33,203.12,580.3307029343746
321_HC.png,145,10,116,204,27,109,210,94,183.61,196.16,596.5413210268979
322_HC.png,129,28,134,185,67,105,199,104,132.0,157.08,454.08580214986875
323_2HC.png,133,20,130,203,53,130,43,166,37.36,183.02,346.1720944990593
323_HC.png,162,14,116,213,209,95,218,105,13.45,204.25,341.962360343249
324_HC.png,122,57,124,221,31,187,187,146,161.3,164.01,510.9957530696478
325_HC.png,145,27,122,229,35,127,223,123,188.04,203.31,614.7311424911828
326_HC.png,114,58,105,208,35,126,181,153,148.48,150.27,469.27540262997536
327_2HC.png,110,22,136,233,29,137,27,129,8.25,212.6,346.9103687726529
327_HC.png,133,14,140,225,29,111,27,113,2.83,211.12,336.0718741177681
328_HC.png,130,38,122,233,35,167,220,144,186.42,195.16,599.3844623783966
329_HC.png,143,52,152,223,77,111,216,155,145.8,171.24,498.00526744705405
330_HC.png,131,41,109,209,53,134,162,149,110.03,169.43,438.97474148610183
331_HC.png,139,48,136,205,59,119,198,130,139.43,157.03,465.6782790416151
332_HC.png,151,27,143,197,65,106,69,122,16.49,170.19,293.2362582860713
333_HC.png,121,16,128,207,39,115,225,117,186.01,191.13,592.4101266874272
334_HC.png,114,40,97,188,43,105,114,40,96.26,148.97,385.20638321991254
335_HC.png,137,24,126,201,47,120,216,105,169.66,177.34,545.0663253978291
336_HC.png,123,27,131,204,35,113,210,133,176.14,177.18,554.9937581831729
337_HC.png,151,39,138,227,63,139,20,149,44.15,188.45,365.3672256124929
338_HC.png,135,69,119,223,59,135,193,151,134.95,154.83,455.1853595786251
339_HC.png,127,34,129,225,41,107,212,139,173.97,191.01,573.3092433536013
340_2HC.png,118,8,101,183,159,81,35,107,126.7,175.82,475.1973047819921
340_HC.png,143,29,154,199,75,107,227,105,152.01,170.36,506.3776118688708
341_HC.png,143,44,145,206,77,161,225,135,150.27,162.01,490.5282769315103
342_HC.png,147,37,123,217,47,125,50,129,5.0,181.59,293.0948866166598
343_HC.png,117,28,108,209,25,111,197,127,172.74,181.22,555.9990678323217
344_HC.png,117,16,103,197,31,102,191,106,160.05,181.54,536.5683172698688
345_2HC.png,95,102,134,197,28,42,209,110,193.35,102.69,465.0185445843611
345_HC.png,126,38,138,187,51,107,207,120,156.54,149.48,480.6950919257742
346_HC.png,81,226,100,202,19,93,206,107,187.52,30.61,342.63780276377076
347_HC.png,105,26,114,211,19,125,194,134,175.23,185.22,566.1935359932204
348_HC.png,147,21,138,239,63,170,235,135,175.52,218.19,618.4382218224188
349_HC.png,102,54,94,202,147,135,156,155,21.93,148.22,267.27099500415164
350_HC.png,125,28,115,210,43,118,209,127,166.24,182.27,547.4382278512894
351_HC.png,125,60,119,211,53,123,189,117,136.13,151.12,451.211244871834
352_2HC.png,122,38,109,243,25,163,208,132,185.61,205.41,614.2127797033404
352_HC.png,134,29,128,223,39,113,161,106,122.2,194.09,496.82717020195787
353_HC.png,126,48,138,214,135,219,4,21,237.41,166.43,634.350388612851
354_HC.png,109,47,128,225,43,145,209,127,166.97,179.01,543.4641131444984
355_HC.png,131,38,132,181,65,107,195,119,130.55,143.0,429.691335194744
356_HC.png,131,60,130,221,55,145,193,139,138.13,161.0,469.8723052341574
357_HC.png,131,45,122,215,51,134,47,130,5.66,170.24,276.30307388322234
358_HC.png,137,46,148,201,77,116,217,127,140.43,155.39,464.6729693924663
359_2HC.png,126,38,132,233,69,170,233,125,170.06,195.09,573.5762787291565
359_HC.png,123,45,130,227,41,138,249,190,214.4,182.13,622.8678674639802
360_2HC.png,119,43,120,229,39,131,205,129,166.01,186.0,552.9360149950716
360_HC.png,71,57,87,205,21,114,147,142,129.07,148.86,436.5714231061056
361_2HC.png,114,52,113,206,57,127,174,138,117.52,154.0,426.5026186513503
361_HC.png,146,82,134,221,23,167,195,151,172.74,139.52,490.4968610049744
362_HC.png,123,12,116,205,37,110,212,136,176.92,193.13,581.2731807304514
363_HC.png,109,26,124,197,37,115,199,127,162.44,171.66,524.803052782175
364_2HC.png,132,50,122,205,59,120,197,126,138.13,155.32,460.9501820979624
364_HC.png,122,42,106,213,172,138,183,125,17.03,171.75,296.53493057234056
365_HC.png,127,59,122,213,55,139,192,134,137.09,154.08,457.36876647287005
366_HC.png,137,60,117,223,53,145,204,156,151.4,164.22,495.7747366630053
367_HC.png,123,49,128,209,31,172,197,139,169.25,160.08,517.3103543033634
368_HC.png,135,26,88,173,45,131,185,78,149.7,154.33,477.5692072354524
369_HC.png,115,37,100,205,29,115,176,152,151.58,168.67,503.0475236560656
370_HC.png,161,52,166,209,87,135,233,129,146.12,157.08,476.2654462842127
371_HC.png,125,45,157,23,141,54,126,46,17.0,38.83,87.69755892495907
372_HC.png,133,42,126,209,43,127,192,147,150.34,167.15,498.7121257941117
373_2HC.png,135,46,122,207,57,135,191,29,170.86,161.52,522.1012831000877
373_HC.png,131,56,116,217,181,175,192,131,45.35,161.7,325.2333794628833
374_HC.png,122,40,126,219,45,127,48,141,14.32,179.04,303.7291777490612
375_HC.png,133,28,144,201,67,110,214,120,147.34,173.35,503.73867403985537
376_2HC.png,126,74,104,197,63,139,186,138,123.0,124.95,389.4789492287946
376_HC.png,127,16,116,222,45,78,213,133,176.77,206.29,601.709240942053
377_HC.png,135,38,124,229,43,157,227,146,184.33,191.32,590.0696401605029
378_HC.png,143,32,131,231,53,151,225,139,172.42,199.36,583.9906583758066
379_HC.png,117,36,126,217,47,127,19,110,32.76,181.22,336.118998007572
380_HC.png,102,66,94,219,221,166,237,146,25.61,153.21,280.8897991574634
381_HC.png,127,52,111,203,55,121,62,163,42.58,151.85,305.40992981873177
382_2HC.png,115,22,122,209,45,93,214,147,177.42,187.13,572.6338009330794
382_HC.png,126,40,128,223,45,122,221,139,176.82,183.01,565.2196422706076
383_HC.png,131,14,109,192,55,111,183,99,128.56,179.35,483.6638969834165
384_2HC.png,115,31,105,192,37,113,193,131,157.04,161.31,500.06301063515536
384_HC.png,111,24,118,189,25,122,187,119,162.03,165.15,513.9331422007542
385_HC.png,126,38,124,209,55,109,193,129,139.44,171.01,487.6537196534756
386_HC.png,98,24,110,193,33,103,183,103,150.0,169.43,501.7594706680938
387_HC.png,135,24,138,233,39,143,231,137,192.09,209.02,630.062114640701
388_HC.png,127,93,118,201,67,147,177,157,110.45,108.37,343.72165222925923
389_HC.png,143,38,126,245,47,129,234,129,187.0,207.7,619.9933101859457
390_HC.png,131,35,136,227,47,139,212,137,165.01,192.07,560.8999523719216
391_HC.png,137,44,138,203,55,115,196,133,142.14,159.0,473.0296058510151
392_2HC.png,108,34,105,195,41,107,42,109,2.24,161.03,256.4639162758028
392_3HC.png,108,34,105,195,41,107,42,109,2.24,161.03,256.4639162758028
392_HC.png,108,34,105,195,41,107,42,109,2.24,161.03,256.4639162758028
393_HC.png,123,18,127,235,33,111,41,130,20.62,217.04,373.3154550260751
394_2HC.png,142,13,146,221,57,115,239,134,182.99,208.04,614.2284876666083
394_HC.png,100,2,120,201,22,130,197,115,175.64,200.0,590.0539321972349
395_HC.png,123,12,116,225,29,89,218,122,191.86,213.11,636.1253884621293
396_HC.png,111,89,90,223,47,165,155,149,109.18,135.64,384.5623567259266
397_HC.png,116,34,92,213,15,110,182,144,170.43,180.6,551.3966345948124
398_HC.png,131,46,131,208,64,137,190,124,126.67,162.0,453.4417756558828
399_2HC.png,113,29,119,211,41,107,194,143,157.18,182.1,532.9397777549725
399_HC.png,138,42,116,207,59,129,65,151,22.8,166.46,297.28891280920215
400_HC.png,127,28,113,202,35,114,199,134,165.22,174.56,533.7251759183699
401_HC.png,107,33,113,222,39,111,196,159,164.17,189.1,554.9152183668331
402_HC.png,125,52,138,223,53,145,65,192,48.51,171.49,345.57519189487726
403_2HC.png,127,18,129,197,61,106,131,19,111.66,179.01,456.5833683094725
403_HC.png,123,50,117,226,43,133,41,163,30.07,176.1,323.8510786953038
404_2HC.png,127,39,118,211,37,107,191,130,155.71,172.24,515.1426553723863
404_HC.png,121,76,126,177,75,131,167,127,92.09,101.12,303.49355830004197
405_HC.png,174,61,142,187,8,10,204,113,221.42,130.0,552.0092451622625
406_HC.png,117,76,122,233,47,166,191,154,144.5,157.08,473.720756234805
407_HC.png,118,38,118,233,35,111,206,134,172.54,195.0,577.3304819501963
408_HC.png,113,24,137,233,37,96,235,131,201.07,210.37,646.2884406964922
409_HC.png,146,34,126,229,31,111,210,136,180.74,196.02,591.8132240832452
410_2HC.png,133,49,128,213,189,125,61,133,128.25,164.08,459.1908902119522
410_HC.png,119,23,126,169,55,83,187,91,132.24,146.17,437.3254053429671
411_HC.png,146,18,130,231,221,129,230,127,9.22,213.6,350.00483753643886
412_HC.png,138,26,126,213,55,123,167,159,117.64,187.38,479.1242955989793
413_HC.png,119,30,106,219,23,123,198,137,175.56,189.45,573.3563672434052
414_HC.png,130,38,132,199,67,89,201,120,137.54,161.01,468.9612433646163
415_HC.png,125,40,136,203,55,149,194,124,141.23,163.37,478.46456114172554
416_HC.png,138,54,116,211,37,143,202,126,165.87,158.53,509.5663284122644
417_HC.png,141,42,138,221,211,121,218,128,9.9,179.03,296.77055002135984
418_HC.png,110,53,96,216,165,129,174,160,32.28,163.6,307.68758449258434
419_HC.png,107,36,114,193,45,140,174,132,129.25,157.16,449.8917759573263
420_HC.png,125,44,111,231,33,146,200,148,167.01,187.52,556.8944217385946
421_HC.png,126,42,108,236,33,146,204,139,171.14,194.83,574.8643317171284
422_HC.png,138,20,138,193,53,86,190,236,203.15,173.0,590.8550383239003
423_HC.png,118,34,139,41,31,135,34,137,3.61,22.14,40.448005414968584
424_HC.png,146,22,146,185,83,112,226,111,143.0,163.0,480.66367599923836
425_2HC.png,123,30,105,208,49,179,201,135,158.24,178.91,529.5939815788994
425_HC.png,130,29,128,213,53,122,211,131,158.26,184.01,537.6364587720892
426_2HC.png,150,42,134,225,71,126,187,214,145.6,183.7,517.2632304135593
426_3HC.png,109,37,105,220,51,162,203,18,209.38,183.04,616.4118945608533
426_4HC.png,114,67,102,229,41,146,41,171,25.0,162.44,294.4300634944354
426_HC.png,139,49,97,230,51,127,220,31,194.36,185.81,597.1696395576158
427_HC.png,131,26,128,237,49,189,222,107,191.45,211.02,632.1983976451421
428_HC.png,142,42,140,237,37,159,232,140,195.92,195.01,614.0714080339288
429_HC.png,147,30,121,207,59,90,211,123,155.54,178.9,525.3371235332852
430_HC.png,131,48,119,229,41,115,225,103,184.39,181.4,574.5815883783051
431_2HC.png,129,36,146,221,49,111,55,126,16.16,185.78,317.2066102329614
431_HC.png,115,39,140,227,39,123,178,129,139.13,189.65,516.4464163236261
432_HC.png,120,36,120,225,27,129,30,164,35.13,189.0,352.06258072454017
433_HC.png,122,82,122,195,71,134,177,147,106.79,113.0,345.2453246662503
434_2HC.png,159,19,134,213,59,103,229,114,170.36,195.6,574.8486237538604
434_HC.png,161,22,136,217,55,117,223,107,168.3,196.6,573.1835796474577
435_HC.png,141,24,126,187,65,93,204,124,142.41,163.69,480.82075563191785
436_HC.png,123,28,105,240,21,119,223,145,203.67,212.76,654.1267143671987
437_2HC.png,99,40,96,206,27,123,171,127,144.06,166.03,487.0882329758295
437_HC.png,101,34,128,229,197,141,198,199,58.01,196.86,400.3488598102153
438_HC.png,139,38,138,205,59,131,211,113,153.06,167.0,502.7490723539746
439_HC.png,143,32,124,201,55,123,212,128,157.08,170.06,513.8703103476824
440_2HC.png,126,48,124,159,77,106,174,107,97.01,111.02,326.7727598631423
440_HC.png,150,30,127,151,93,109,183,102,90.27,123.17,335.27076799110273
441_HC.png,113,48,137,227,51,127,184,131,133.06,180.6,492.6959758624872
442_HC.png,125,44,128,221,47,126,201,118,154.21,177.03,520.3105752875415
443_HC.png,143,63,133,201,77,125,82,140,15.81,138.36,242.16966970196924
444_2HC.png,142,42,136,212,49,111,198,152,154.54,170.11,509.9590274939631
444_HC.png,113,51,112,221,45,149,245,149,200.0,170.0,581.1946409141117
445_HC.png,130,29,136,217,43,127,53,164,38.33,188.1,355.67541227616846
446_HC.png,135,45,132,233,45,126,50,137,12.08,188.02,314.3163449916588
447_HC.png,131,49,118,221,179,151,186,162,13.04,172.49,291.4298425102572
448_HC.png,125,16,144,221,43,125,227,103,185.31,205.88,614.4798150788956
449_HC.png,135,34,126,189,63,106,188,141,129.81,155.26,447.78690887942116
450_HC.png,137,32,124,221,45,122,239,90,196.62,189.45,606.4373378857057
451_HC.png,133,56,122,207,51,131,191,135,140.06,151.4,457.8242974076406
452_HC.png,131,31,130,221,51,127,47,133,7.21,190.0,309.7767436072216
453_2HC.png,130,54,117,223,199,121,229,122,30.02,169.5,313.4052831221178
453_HC.png,141,49,115,228,35,151,218,136,183.61,180.88,572.5395531534718
454_HC.png,121,49,129,238,43,155,50,174,20.25,189.17,328.9561667573872
455_HC.png,119,58,124,213,45,130,199,145,154.73,155.08,486.64841000432693
456_HC.png,107,74,120,219,41,139,183,148,142.28,145.58,452.16943063117895
457_2HC.png,133,12,129,172,93,146,191,111,104.06,160.05,414.86301786980016
457_HC.png,110,41,118,225,31,123,184,132,153.26,184.17,530.0338045504019
458_HC.png,102,16,104,211,208,191,223,47,144.78,195.01,533.7408838816378
459_HC.png,127,52,108,197,171,141,178,121,21.19,146.24,262.99842899526953
460_HC.png,114,16,124,185,180,130,194,104,29.53,169.3,312.3214336566293
461_HC.png,125,21,124,217,49,139,222,111,175.25,196.0,583.1581363226054
462_2HC.png,131,17,143,218,53,27,211,138,193.09,201.36,619.600611104247
462_HC.png,143,33,136,221,47,123,208,125,161.01,188.13,548.4278295371702
463_HC.png,122,48,112,203,45,116,184,120,139.06,155.32,462.41102268188166
464_HC.png,131,38,121,220,45,131,211,128,166.03,182.27,547.1083606226625
465_HC.png,146,26,141,173,83,114,146,26,108.23,147.09,401.05571815727296
466_HC.png,129,25,137,192,201,115,210,97,20.12,167.19,294.2258599719521
467_HC.png,167,61,155,170,111,121,183,57,96.33,109.66,323.56833535648076
468_2HC.png,121,32,117,219,27,159,189,107,170.14,187.04,561.0570320046011
468_HC.png,143,35,128,230,49,126,225,163,179.85,195.58,589.724064968608
469_2HC.png,67,48,86,205,45,95,37,50,45.71,158.15,320.22253918040764
469_HC.png,151,31,136,191,75,114,123,106,48.66,160.7,328.8619189777795
470_HC.png,151,20,134,207,57,111,221,119,164.2,187.77,552.8731831419998
471_2HC.png,138,62,136,238,89,39,100,13,28.23,176.01,320.8194417845896
471_HC.png,123,30,109,240,25,135,218,157,194.25,210.47,635.7326893804305
472_HC.png,139,52,121,209,63,121,204,124,141.03,158.03,469.7623494912818
473_HC.png,137,25,133,203,131,205,204,116,115.11,178.04,460.4789431999239
474_HC.png,126,42,122,207,47,111,190,127,143.89,165.05,485.2818172000153
475_HC.png,103,56,108,225,27,125,175,151,150.27,169.07,501.61809899868234
476_HC.png,170,49,123,233,45,139,205,133,160.11,189.91,549.8101303047497
477_HC.png,114,10,94,221,21,119,209,119,188.0,211.95,628.2399909016189
478_HC.png,142,24,127,236,33,131,227,144,194.44,212.53,639.2669811157191
479_2HC.png,126,30,114,223,33,109,207,155,179.98,193.37,586.4568086088747
479_HC.png,109,25,88,221,19,118,197,114,178.04,197.12,589.2999499603734
480_HC.png,134,46,119,234,47,133,212,156,166.6,188.6,557.9468552775472
481_HC.png,131,33,138,221,45,131,210,124,165.15,188.13,554.930926330101
482_2HC.png,119,34,116,203,39,124,184,124,145.0,169.03,493.27717050340135
482_3HC.png,131,27,133,226,35,123,205,135,170.42,199.01,580.2992870078385
482_HC.png,126,48,126,221,39,147,199,135,160.45,173.0,523.7820351697583
483_2HC.png,127,50,128,225,47,139,206,139,159.0,175.0,524.6459731494955
483_HC.png,119,62,120,237,39,147,199,149,160.01,175.0,526.2324774395582
484_HC.png,137,32,127,223,47,150,138,34,147.43,191.26,532.0130079221635
485_HC.png,159,27,152,229,63,125,243,129,180.04,202.12,600.2955242479376
486_2HC.png,119,50,101,232,31,136,205,145,174.23,182.89,560.9627842249935
486_HC.png,109,48,100,229,21,122,191,147,171.83,181.22,554.5696431749383
487_HC.png,142,26,146,210,63,111,225,119,162.2,184.04,543.872520189465
488_HC.png,130,48,115,149,57,115,49,138,24.35,102.11,198.64290348648262
489_HC.png,130,57,128,233,45,133,51,150,18.03,176.01,304.7973192512817
490_2HC.png,119,12,128,205,195,117,201,135,18.97,193.21,333.29156461934116
490_HC.png,127,7,119,202,33,107,205,102,172.07,195.16,576.8435350888899
491_HC.png,149,25,163,198,213,129,222,136,11.4,173.57,290.550196567252
492_HC.png,111,36,118,216,39,127,199,130,160.03,180.14,534.33778648582
493_HC.png,130,38,130,206,43,141,199,137,156.05,168.0,509.01654969788626
494_HC.png,121,47,107,221,35,128,194,140,159.45,174.56,524.6616811127634
495_2HC.png,123,63,120,191,65,125,185,129,120.07,128.04,389.7302766410818
495_3HC.png,131,45,136,217,51,127,231,150,181.46,172.07,555.3236254117998
495_4HC.png,122,50,130,189,75,142,182,120,109.24,139.23,390.2957633187279
495_HC.png,125,61,124,177,73,118,176,120,103.02,116.0,344.0358114946182
496_HC.png,130,50,126,207,55,123,181,129,126.14,157.05,444.83381178504675
497_HC.png,131,37,119,197,51,77,190,171,167.8,160.45,515.6138942704248
498_HC.png,131,34,124,217,43,119,220,132,177.48,183.13,566.4448634055077
499_2HC.png,138,50,132,219,63,123,203,144,141.57,169.11,488.0150028086385
499_HC.png,115,56,108,233,43,149,194,131,152.07,177.14,517.1218587441479
500_HC.png,138,34,129,182,75,121,209,105,134.95,148.27,444.88093567485066
